Institution,Specimen,Suborder,Family,Species,Collector,Specimen.type,Tooth,Position,Killing.technique,Diet,Scan,Outlier,Sharpness.pair,Notes,Anterior,Posterior,Lingual,Labial,Sagittal.Tip,Lateral.Tip,Tip.Av,Midline.length,log.Midline.length,Csize,Base.area,sqrt.Base.area,Lateral.width,Body.mass
NMNH,NMNH181596,Feliform,Felidae,Acinonyx.jubatus,Tahlia,Cast,Upper,Right,Nape.throat,Meat.bone,Laser.design,Y,N,,19.16,14.15,14.582,17.896,16.111,14.338,15.224,18.347,1.263565061,37.9298753,69.535,8.338764897,8.02,50000
NMNH,NMNH182698,Feliform,Felidae,Acinonyx.jubatus,Tahlia,Cast,Upper,Right,Nape.throat,Meat.bone,Laser.design,Y,N,,20.066,11.51,13.81,19.02,14.61,14.208,14.409,17.631,1.246276945,35.42238471,52.5139192,7.246648825,7.42,50000
Smithsonian,NMNH258835,Caniform,Ursidae,Ailuropoda.melanoleuca,Tahlia,Cast,Upper,Left,Rarely,Plant,Laser.design,Y,N,,21.24,13.129,14.859,21.808,16.274,14.895,15.585,18.668,1.271097792,42.45596282,123.198962,11.09950278,10.71,108400
Smithsonian,NMNH259400,Caniform,Ursidae,Ailuropoda.melanoleuca,Tahlia,Cast,Lower,Right,Rarely,Plant,Laser.design,Y,Y,,19.839,14.383,14.478,20.889,15.878,15.613,15.746,12.395,1.093246531,31.25255673,77.6272095,8.810630483,8.31,108400
Smithsonian,NMNH259400,Caniform,Ursidae,Ailuropoda.melanoleuca,Tahlia,Cast,Upper,Left,Rarely,Plant,Laser.design,Y,Y,,21.077,13.496,15.222,21.54,16.976,14.912,15.944,15.706,1.196065593,36.98999347,95.3457461,9.764514637,9.23,108400
AMNH,AMNH119474,Caniform,Ailuridae,Ailurus.fulgens,Tahlia,Cast,Lower,Right,Rarely,Plant,Laser.design,Y,Y,,19.564,16.169,18.198,17.55,14.519,14.747,14.633,7.482,0.874017704,15.98684077,14.6856955,3.832191997,3.96,4900
AMNH,AMNH119474,Caniform,Ailuridae,Ailurus.fulgens,Tahlia,Cast,Upper,Right,Rarely,Plant,Laser.design,Y,Y,,22.866,16.13,15.534,18.112,15.027,15.193,15.11,7.829,0.893706293,16.14861482,12.2660262,3.502288709,3.43,4900
AMNH,AMNH164121,Caniform,Ailuridae,Ailurus.fulgens,Tahlia,Cast,Upper,Left,Rarely,Plant,Laser.design,Y,N,,22.579,15.443,13.827,13.875,16.487,15.043,15.765,7.154,0.854548936,15.17489746,11.3039759,3.36213859,3.08,4900
AMNH,AMNH119939,Feliform,Herpestidae,Atilax.paludinosus,Tahlia,Cast,Lower,Left,Head.bite,Invert.aquatic,Laser.design,Y,Y,Bit.worn.tip,19.164,14.919,17.497,21.336,16.446,17.276,16.861,8.628,0.935910136,18.89039858,21.1722826,4.601334872,4.45,3300
AMNH,AMNH119939,Feliform,Herpestidae,Atilax.paludinosus,Tahlia,Cast,Upper,Right,Head.bite,Invert.aquatic,Laser.design,Y,Y,,12.9,13.358,19.782,19.45,14.424,15.334,14.879,10.417,1.017742664,21.07060683,19.6261305,4.43013888,4.5,3300
AMNH,AMNH83226,Feliform,Herpestidae,Bdeogale.jacksoni,Tahlia,Cast,Lower,Left,Invert.feeder,Invert.terrestrial,Laser.design,Y,Y,,14.283,14.309,22.057,21.425,14.571,14.017,14.294,7.312,0.864036183,15.39568529,11.3297143,3.365964097,3.05,2500
AMNH,AMNH83226,Feliform,Herpestidae,Bdeogale.jacksoni,Tahlia,Cast,Upper,Left,Invert.feeder,Invert.terrestrial,Laser.design,Y,Y,Not.sure.if.left.or.right,14.893,12.119,23.987,22.975,15.479,13.236,14.358,9.043,0.956312531,17.64094879,10.1808326,3.190741701,2.81,2500
AM,AM42917,Caniform,Canidae,Canis.aureus,Tahlia,Cast,Lower,Left,Shake.tear,Meat,Laser.design,Y,Y,,22.79,14.058,15.44,20.014,15.5,16.154,15.82685723,10.182,1.007833093,20.48698164,17.668634,4.203407427,4.04,10345.2
AM,AM42917,Caniform,Canidae,Canis.aureus,Tahlia,Cast,Upper,Right,Shake.tear,Meat,Laser.design,Y,Y,,19.748,13.026,15.73,22.785,14.406,15.193,14.799,14.222,1.152960674,30.08960646,20.868875,4.568246381,4.17,10345.2
AM,AM19027,Caniform,Canidae,Canis.dingo,Tahlia,Cast,Lower,Left,Shake.tear,Meat.bone,Laser.design,Y,Y,,21.232,16.504,15.402,22.41,16.735,15.676,16.205,11.043,1.043087072,23.40945769,27.5891244,5.252535045,5.2,16800
AM,AM19027,Caniform,Canidae,Canis.dingo,Tahlia,Cast,Upper,Left,Shake.tear,Meat.bone,Laser.design,Y,Y,,19.784,14.231,16.344,22.711,15.528,14.246,14.887,15.19,1.181557774,30.08960646,33.1395513,5.756696214,5.55,16800
AM,AM24156,Caniform,Canidae,Canis.dingo,Tahlia,Cast,Lower,Right,Shake.tear,Meat.bone,Laser.design,Y,N,,20.042,16.391,15.473,22.005,15.826,15.363,15.59465833,13.529,1.131265697,28.01127453,36.8013358,6.066410454,5.96,16800
AM,AM24157,Caniform,Canidae,Canis.dingo,Tahlia,Cast,Lower,Left,Shake.tear,Meat.bone,Laser.design,Y,Y,,20.89,16.235,15.867,21.274,15.692,15.357,15.524,11.088,1.044853217,23.56347308,28.3226323,5.321901192,5.43,16800
AM,AM24157,Caniform,Canidae,Canis.dingo,Tahlia,Cast,Upper,Right,Shake.tear,Meat.bone,Laser.design,Y,Y,,19.709,14.714,17.282,22.029,15.909,14.368,15.138,13.574,1.132707845,27.38855664,29.2092722,5.404560315,5.13,16800
AM,AM5389,Caniform,Canidae,Canis.dingo,Tahlia,Cast,Lower,Left,Shake.tear,Meat.bone,Laser.design,N,N,,22.021,18.937,19.806,20.498,17.035,16.431,16.733,13.616,1.134049543,0,0,0,0,16800
AM,AM5389,Caniform,Canidae,Canis.dingo,Tahlia,Cast,Upper,Left,Shake.tear,Meat.bone,Laser.design,Y,N,,20.513,15.115,16.868,22.013,17.15,16.276,16.713,15.805,1.1987945,31.75239005,37.3169107,6.108756887,5.58,16800
MV,DTC505,Caniform,Canidae,Canis.dingo,Tahlia,Natural,Lower,Left,Shake.tear,Meat.bone,Laser.design,N,N,,20.71,20.053,17.459,21.757,16.541,16.351,16.44591952,15.359,1.18636294,0,0,0,0,16800
MV,DTC505,Caniform,Canidae,Canis.dingo,Tahlia,Natural,Upper,Left,Shake.tear,Meat.bone,Laser.design,Y,N,,20.56,15.874,16.928,21.772,17.035,16.465,16.75,16.674,1.222039797,32.76345789,37.1191922,6.092552191,5.72,16800
MV,NMVC22588,Caniform,Canidae,Canis.dingo,Tahlia,Natural,Lower,Right,Shake.tear,Meat.bone,Laser.design,N,N,,21.065,19.357,16.705,21.072,15.372,15.288,15.33033968,11.799,1.071845201,0,0,0,0,16800
MV,NMVC22588,Caniform,Canidae,Canis.dingo,Tahlia,Natural,Upper,Right,Shake.tear,Meat.bone,Laser.design,Y,N,,19.62,13.822,16.376,23.119,14.9,14.523,14.711,13.148,1.118859695,26.56850014,27.1108546,5.206808485,4.84,16800
AM,AM7989,Caniform,Canidae,Canis.dingo,Tahlia,Cast,Lower,Right,Shake.tear,Meat.bone,Laser.design,N,N,,21.285,16.022,14.904,21.818,14.124,14.56,14.342,12.525,1.097777735,0,0,0,0,16800
AM,AM39949,Caniform,Canidae,Canis.latrans,Tahlia,Cast,Lower,Right,Shake.tear,Meat,Laser.design,Y,Y,,20.6,15.981,15.392,21.02,15.215,15.509,15.36202174,13.968,1.145134226,28.25122183,33.7501673,5.809489418,5.54,13406.3
AM,AM39949,Caniform,Canidae,Canis.latrans,Tahlia,Cast,Upper,Left,Shake.tear,Meat,Laser.design,Y,Y,,20.237,14.026,16.069,21.676,15.374,14.984,15.179,17.88,1.252367514,34.55585808,38.9376017,6.240000136,5.57,13406.3
MV,NMVC31314,Caniform,Canidae,Canis.latrans,Anastasia,Natural,Lower,Right,Shake.tear,Meat,Laser.design,Y,Y,,22.495,15.835,15.105,20.878,16.283,16.045,16.16410178,12.812,1.10761693,25.76306582,27.5230952,5.24624582,5.28,13406.3
MV,NMVC31314,Caniform,Canidae,Canis.latrans,Anastasia,Natural,Upper,Right,Shake.tear,Meat,Laser.design,Y,Y,,20.258,13.77,15.517,21.328,15.889,15.731,15.81,15.491,1.190079454,29.92786973,29.7276787,5.452309483,5.11,13406.3
MV,NMVC32234,Caniform,Canidae,Canis.latrans,Anastasia,Natural,Lower,Left,Shake.tear,Meat,Laser.design,Y,N,,23.033,12.175,12.79,20.643,14.09,14.537,14.31302749,13.689,1.136371723,26.71612865,25.9289201,5.092044786,5.07,13406.3
MV,NMVR3033,Caniform,Canidae,Canis.mesomelas,Anastasia,Natural,Lower,Right,Shake.tear,Meat,Laser.design,Y,Y,,20.696,14.208,14.205,21.478,15.356,16.103,15.72910423,13.366,1.126001457,26.30414731,26.5254087,5.15028239,5.09,8500
MV,NMVR3033,Caniform,Canidae,Canis.mesomelas,Anastasia,Natural,Upper,Right,Shake.tear,Meat,Laser.design,Y,Y,,19.524,15.016,16.657,21.706,14.713,14.528,14.62,16.932,1.22870826,31.92559999,28.5047152,5.338980727,4.81,8500
NMNH,NMNH182317,Feliform,Felidae,Caracal.caracal,Tahlia,Cast,Upper,Left,Nape.throat,Meat,Laser.design,Y,N,,22.842,14.179,15.186,21.902,15.73,15.405,15.567,10.976,1.040444098,22.01629405,20.3515032,4.511264036,4.29,13749.9
NMNH,NMNH470164,Feliform,Felidae,Caracal.caracal,Tahlia,Cast,Upper,Left,Nape.throat,Meat,Laser.design,Y,N,,20.133,13.067,14.783,19.116,16.135,14.75,15.442,12.119,1.083466785,24.20821178,24.3117015,4.930689759,4.66,13749.9
Smithsonian,NMNH378704,Feliform,Viverridae,Civettictis.civetta,Tahlia,Cast,Lower,Left,Shake.toss,Generalist,Laser.design,N,N,,20.427,13.85,19.244,19.244,17.413,16.721,17.067,8.541,0.931508722,0,0,0,0,12000
Smithsonian,NMNH381464,Feliform,Viverridae,Civettictis.civetta,Tahlia,Cast,Upper,Left,Shake.toss,Generalist,Laser.design,Y,N,,20.652,15.758,19.219,24.304,14.952,15.81,15.381,11.722,1.069001717,23.24455959,21.9573474,4.685866771,4.58,12000
AMNH,AMNH5130,Caniform,Mephitidae,Conepatus.leuconotus,Tahlia,Cast,Upper,Right,Invert.feeder,Invert.terrestrial,Laser.design,Y,N,,21.648,16.097,17.505,21.761,16.34,15.203,15.772,6.976,0.843606472,14.67434026,10.5745817,3.251858192,3.21,3500
AMNH,AMNH5883,Caniform,Mephitidae,Conepatus.leuconotus,Tahlia,Cast,Upper,Right,Invert.feeder,Invert.terrestrial,Laser.design,Y,N,Bit.weirdly.shaped,16.42,18.329,21.441,21.15,14.618,17.481,16.05,7.307,0.863739107,15.02461601,11.4829799,3.388654586,3.54,3500
AMNH,AMNH70341,Caniform,Mephitidae,Conepatus.leuconotus,Tahlia,Cast,Lower,Left,Invert.feeder,Invert.terrestrial,Laser.design,Y,N,,18.759,18.129,22.327,20.078,16.101,16.155,16.128,5.461,0.737272177,12.02466924,8.51677641,2.91835166,2.93,3500
NMNH,NMNH252774,Feliform,Hyaenidae,Crocuta.crocuta,Tahlia,Cast,Lower,Right,Tear,Carrion.bone,Laser.design,Y,Y,,20.771,12.46,14.202,21.532,13.38,13.487,13.433,18.816,1.274527304,39.70138413,81.6356681,9.035245879,9.45,62999.9
NMNH,NMNH252774,Feliform,Hyaenidae,Crocuta.crocuta,Tahlia,Cast,Upper,Left,Tear,Carrion.bone,Laser.design,Y,Y,,20.342,13.375,11.675,22.658,15.461,14.498,14.979,23.452,1.370179886,47.49702319,98.8440064,9.942032307,10.19,62999.9
MV,NMVC31515,Marsupial,Dasyuridae,Dasyurus.geoffroii,Anastasia,Natural,Lower,Right,Head.bite,Generalist,Laser.design,Y,Y,,20.531,15.736,23.111,20.396,14.998,14.721,14.859,4.068,0.609380944,8.491693219,3.63623674,1.906891906,1.9,1100
MV,NMVC31515,Marsupial,Dasyuridae,Dasyurus.geoffroii,Anastasia,Natural,Upper,Right,Head.bite,Generalist,Laser.design,Y,Y,,20.396,14.72,17.031,21.84,16.963,14.062,15.512,5.467,0.737749074,10.70463847,4.04734071,2.011800365,1.84,1100
Monash,MZRC4735,Marsupial,Dasyuridae,Dasyurus.hallucatus,Anastasia,Natural,Lower,Right,Head.bite,Generalist,Laser.design,Y,Y,,18.47,14.541,21.657,20.319,16.242,15.399,15.821,3.28,0.515873844,6.930578332,2.47977029,1.57472864,1.64,525
Monash,MZRC4735,Marsupial,Dasyuridae,Dasyurus.hallucatus,Anastasia,Natural,Upper,Right,Head.bite,Generalist,Laser.design,Y,Y,,19.829,13.431,22.261,22.021,17.588,16.994,17.291,3.92,0.593286067,7.939158313,2.39556645,1.547761755,1.48,525
Smithsonian,NMNH579572,Marsupial,Dasyuridae,Dasyurus.maculatus,Tahlia,Cast,Upper,Right,Nape.throat,Meat,Laser.design,N,N,Maybe.bit.worn.for.tip.sharpness,18.169,18.172,21.17,20.822,17.57,18.249,17.909,6.454,0.809828961,0,0,0,0,5500
Smithsonian,NMNH580083,Marsupial,Dasyuridae,Dasyurus.maculatus,Tahlia,Cast,Lower,Left,Nape.throat,Meat,Laser.design,Y,Y,,20.829,14.749,17.283,19.317,13.825,14.081,13.953,5.407,0.73295637,11.16841874,5.86536702,2.421851981,2.57,5500
Smithsonian,NMNH580083,Marsupial,Dasyuridae,Dasyurus.maculatus,Tahlia,Cast,Upper,Right,Nape.throat,Meat,Laser.design,Y,Y,,16.854,13.776,14.916,20.302,14.586,14.397,14.491,7.536,0.87714089,14.7981808,8.17880825,2.859861579,3.03,5500
MV,NMVC6118,Marsupial,Dasyuridae,Dasyurus.maculatus,Tahlia,Cast,Lower,Left,Nape.throat,Meat,Laser.design,N,N,Maybe.bit.worn.for.sharpness,22.225,17.69,22.909,20.377,15.798,18.361,17.08,4.977,0.696967641,0,0,0,0,5500
MV,NMVC6118,Marsupial,Dasyuridae,Dasyurus.maculatus,Tahlia,Cast,Upper,Left,Nape.throat,Meat,Laser.design,Y,N,,17.881,14.507,15.087,19.932,16.733,16.737,16.735,6.96,0.84260924,13.74900219,6.92451228,2.631446804,2.74,5500
MV,NMVC6138,Marsupial,Dasyuridae,Dasyurus.maculatus,Tahlia,Cast,Upper,Left,Nape.throat,Meat,Laser.design,N,N,Removed.from.sharpness.posterior.edge.too.worn,17.949,20.158,14.896,21.5,13.595,16.578,15.086,7.618,0.881840968,0,0,0,0,5500
Smithsonian,NMNH174602,Marsupial,Dasyuridae,Dasyurus.viverrinus,Tahlia,Cast,Upper,Left,Invert.feeder,Invert.terrestrial,Laser.design,Y,N,,17.241,15.022,17.881,22.081,17.169,16.019,16.594,5.365,0.729569726,10.57077568,3.89986395,1.97480732,2.1,1090
Smithsonian,NMNH121459,Marsupial,Didelphidae,Didelphis.albiventris,Tahlia,Cast,Upper,Right,Invert.feeder,Invert.terrestrial,Laser.design,Y,N,,18.081,13.257,20.86,21.8,17.732,16.11,16.921,4.149,0.617943435,8.803849812,3.9037525,1.975791614,1.87,904
Smithsonian,NMNH531160,Marsupial,Didelphidae,Didelphis.albiventris,Tahlia,Cast,Lower,Left,Invert.feeder,Invert.terrestrial,Laser.design,Y,Y,,18.123,17.557,22.132,22.124,14.74,14.234,14.487,3.241,0.510679031,7.198560349,3.11338055,1.764477416,1.74,904
Smithsonian,NMNH531160,Marsupial,Didelphidae,Didelphis.albiventris,Tahlia,Cast,Upper,Left,Invert.feeder,Invert.terrestrial,Laser.design,Y,Y,,18.927,14.952,19.183,21.587,16.587,16.215,16.401,5.002,0.699143687,10.09730885,4.4986479,2.121001627,2.02,904
Smithsonian,NMNH019547,Marsupial,Didelphidae,Didelphis.aurita,Tahlia,Cast,Upper,Left,Unknown,Generalist,Laser.design,N,N,Tip.repaired.badly,17.245,14.803,22.494,21.689,,,,9.837,0.992862671,0,0,0,0,1164
Smithsonian,NMNH503430,Marsupial,Didelphidae,Didelphis.marsupialis,Tahlia,Cast,Upper,Right,Unknown,Generalist,Laser.design,Y,N,,17.944,12.239,21.24,22.21,16.341,14.914,15.627,6.017,0.779380011,12.44883749,6.99578801,2.6449552,2.46,1091.2
Smithsonian,NMNH578961,Marsupial,Didelphidae,Didelphis.marsupialis,Tahlia,Cast,Lower,Left,Unknown,Generalist,Laser.design,Y,Y,,17.408,15.937,22.975,21.875,16.103,16.962,16.532,4.311,0.634578023,9.59985006,5.38248124,2.320017509,2.16,1091.2
Smithsonian,NMNH578961,Marsupial,Didelphidae,Didelphis.marsupialis,Tahlia,Cast,Upper,Right,Unknown,Generalist,Laser.design,Y,Y,,18.789,15.664,20.935,21.773,14.884,14.884,14.884,5.195,0.715585552,10.78772133,5.25784764,2.292999703,2.01,1091.2
NMNH,NMNH149726,Marsupial,Didelphidae,Didelphis.virginiana,Tahlia,Cast,Lower,Right,Unknown,Generalist,Laser.design,Y,Y,,19.432,19.105,22.522,21.268,16.052,16.341,16.197,5.317,0.72566666,11.19795249,6.40898813,2.53159794,2.53,2195.5
NMNH,NMNH149726,Marsupial,Didelphidae,Didelphis.virginiana,Tahlia,Cast,Upper,Left,Unknown,Generalist,Laser.design,Y,Y,,16.035,17.51,23.521,22.991,14.335,14.484,14.41,13.436,1.128269995,25.33140248,17.0087765,4.124169795,3.66,2195.5
Smithsonian,NMNH21960,Marsupial,Didelphidae,Didelphis.virginiana,Tahlia,Cast,Upper,Right,Unknown,Generalist,Laser.design,Y,N,Bit.worn.tip,18.237,14.59,23.964,21.977,13.815,14.903,14.359,11.704,1.068334313,22.04334209,13.568732,3.68357598,3.47,2195.5
Smithsonian,NMNH220186,Marsupial,Didelphidae,Didelphis.virginiana,Tahlia,Cast,Lower,Right,Unknown,Generalist,Laser.design,Y,Y,,18.483,18.362,21.982,21.444,16.995,16.696,16.845,5.392,0.731749884,11.28940855,6.09984943,2.469787325,2.44,2195.5
Smithsonian,NMNH220186,Marsupial,Didelphidae,Didelphis.virginiana,Tahlia,Cast,Upper,Left,Unknown,Generalist,Laser.design,Y,Y,,16.394,12.648,21.937,22.636,13.658,13.463,13.56,10.093,1.004020273,19.38056791,11.3015892,3.361783634,3.07,2195.5
MV,NMVC11129,Marsupial,Didelphidae,Didelphis.virginiana,Tahlia,Cast,Upper,Left,Unknown,Generalist,Laser.design,Y,N,,17.24,18.079,25.877,22.333,15.853,17.736,16.795,14.828,1.171082577,27.98414755,19.9255712,4.463806806,4.1,2195.5
MV,NMVC2201,Marsupial,Didelphidae,Didelphis.virginiana,Tahlia,Cast,Upper,Left,Unknown,Generalist,Laser.design,Y,N,,17.645,15.012,22.449,22.748,15.777,12.11,13.944,12.138,1.084147133,22.91489493,13.2472137,3.639672197,3.47,2195.5
Smithsonian,NMNH051274,Caniform,Mustelidae,Eira.barbara,Tahlia,Cast,Lower,Left,Unknown,Generalist,Laser.design,Y,Y,,19.332,16.288,17.09,19.525,15.089,14.521,14.805,10.628,1.026451546,22.38745887,25.9858659,5.097633363,4.7,3910
Smithsonian,NMNH051274,Caniform,Mustelidae,Eira.barbara,Tahlia,Cast,Upper,Left,Unknown,Generalist,Laser.design,Y,Y,,20.49,13.555,15.744,19.958,15.61,15.062,15.336,10.575,1.024280376,21.59800533,21.2093851,4.605364817,4.4,3910
Smithsonian,NMNH461839,Caniform,Mustelidae,Eira.barbara,Tahlia,Cast,Upper,Left,Unknown,Generalist,Laser.design,Y,N,,22.675,14.726,16.563,16.563,16.376,15.348,15.862,8.878,0.948315141,18.13524913,15.0410493,3.878279167,3.74,3910
AMNH,AMNH35054,Caniform,Mustelidae,Gulo.gulo,Hazel,Natural,Upper,Left,Head.bite,Carrion.bone,Artec,Y,N,,19.678,21.443,15.26,19.434,15.366,16.29,15.828,12.454,1.095308861,26.20529652,38.07556,6.170539685,6.81,17012.55
Smithsonian,NMNH290407,Caniform,Mustelidae,Gulo.gulo,Tahlia,Cast,Lower,Left,Head.bite,Carrion.bone,Laser.design,Y,Y,,20.437,21.453,12.888,23.491,15.967,17.523,16.745,10.369,1.015736874,23.54161133,37.5031698,6.123983165,6.19,17012.55
Smithsonian,NMNH290407,Caniform,Mustelidae,Gulo.gulo,Tahlia,Cast,Upper,Left,Head.bite,Carrion.bone,Laser.design,Y,Y,,18.948,18.411,17.239,21.084,15.393,16.123,15.758,14.705,1.167465029,31.00281411,51.835964,7.199719717,6.91,17012.55
Smithsonian,NMNH290409,Caniform,Mustelidae,Gulo.gulo,Tahlia,Cast,Upper,Left,Head.bite,Carrion.bone,Laser.design,Y,N,,20.45,18.931,14.247,20.811,15.101,15.938,15.519,13.438,1.128334637,28.49848843,44.7566096,6.690038087,6.8,17012.55
AMNH,AMNH19155,Caniform,Ursidae,Helarctos.malayanus,Tahlia,Cast,Upper,Right,Rarely,Generalist,Laser.design,Y,N,,22.417,11.315,14.625,20.895,13.122,18.502,15.812,24.101,1.382035063,48.44033731,115.563441,10.75004377,11.47,46500
AMNH,AMNH28254,Caniform,Ursidae,Helarctos.malayanus,Tahlia,Cast,Lower,Left,Rarely,Generalist,Laser.design,N,N,,26.198,15.881,12.59,20.873,13.336,15.092,14.214,20.074,1.30263392,0,0,0,0,46500
AMNH,AMNH28254,Caniform,Ursidae,Helarctos.malayanus,Tahlia,Cast,Upper,Right,Rarely,Generalist,Laser.design,Y,N,,21.507,11.203,14.234,21.165,13.178,17.626,15.402,21.183,1.325987466,42.87601161,93.1229359,9.650022585,10.29,46500
AMNH,AMNH55463,Feliform,Herpestidae,Herpestes.ichneumon,Tahlia,Cast,Upper,Left,Head.bite,Meat,Laser.design,Y,N,,21.104,13.911,14.847,23.871,17.517,15.846,16.682,6.566,0.817300878,13.30518622,7.72469856,2.779334194,2.58,5175
AMNH,AMNH82779,Feliform,Herpestidae,Herpestes.ichneumon,Tahlia,Cast,Lower,Left,Head.bite,Meat,Laser.design,Y,N,Bit.worn.tip,19.43,15.532,18.473,20.578,18,17.365,17.682,5.561,0.745152895,12.41326395,9.05743796,3.009557768,2.93,5175
AMNH,AMNH82779,Feliform,Herpestidae,Herpestes.ichneumon,Tahlia,Cast,Upper,Left,Head.bite,Meat,Laser.design,N,N,Bit.worn.tip,20.978,14.598,15.94,21.166,18.442,17.763,18.103,6.714,0.826981337,0,0,0,0,5175
AMNH,AMNH185120,Feliform,Herpestidae,Herpestes.urva,Tahlia,Cast,Upper,Right,Invert.feeder,Invert.aquatic,Laser.design,Y,N,,20.548,16.517,16.999,22.596,18.331,17.207,17.769,6.773,0.830781076,14.21762194,9.74287625,3.121358078,2.92,1863.2
AMNH,AMNH60126,Feliform,Herpestidae,Herpestes.urva,Tahlia,Cast,Lower,Left,Invert.feeder,Invert.aquatic,Laser.design,Y,Y,,20.533,17.541,17.565,19.432,15.175,16.939,16.057,6.916,0.839854985,14.32568057,9.8216477,3.133950813,3.11,1863.2
AMNH,AMNH60126,Feliform,Herpestidae,Herpestes.urva,Tahlia,Cast,Upper,Left,Invert.feeder,Invert.aquatic,Laser.design,Y,Y,,17.751,15.157,16.352,21.401,18.87,17.586,18.228,7.674,0.885021795,15.57459966,9.98980774,3.160665712,3.08,1863.2
MV,NMVC21949,Feliform,Herpestidae,Herpestes.urva,Anastasia,Natural,Lower,Left,Invert.feeder,Invert.aquatic,Laser.design,Y,Y,,20.191,17.125,16.05,20.038,17.343,17.042,17.193,6.401,0.806247827,13.74339191,10.0138399,3.164465184,3.11,1863.2
MV,NMVC21949,Feliform,Herpestidae,Herpestes.urva,Anastasia,Natural,Lower,Right,Invert.feeder,Invert.aquatic,Laser.design,Y,N,,20.252,16.768,16.667,20.11,15.319,14.975,15.147,6.401,0.806247827,13.64610683,10.0075151,3.163465679,3.1,1863.2
MV,NMVC21949,Feliform,Herpestidae,Herpestes.urva,Anastasia,Natural,Upper,Right,Invert.feeder,Invert.aquatic,Laser.design,Y,Y,,19.511,12.681,21.015,20.92,16.448,15.727,16.088,6.721,0.827433895,13.81320337,8.3379008,2.887542346,2.72,1863.2
AMNH,AMNH187783,Feliform,Hyaenidae,Hyaena.hyaena,Tahlia,Cast,Lower,Left,Tear,Carrion.bone,Laser.design,Y,Y,,21.63,12.848,14.875,20.473,14.977,14.977,14.977,20.875,1.319626484,42.39040006,82.914742,9.105753236,9.23,41705.1
AMNH,AMNH187783,Feliform,Hyaenidae,Hyaena.hyaena,Tahlia,Cast,Upper,Right,Tear,Carrion.bone,Laser.design,Y,Y,,21.502,11.73,12.918,20.756,16.565,14.791,15.678,23.526,1.371548093,47.87597636,101.017727,10.05075753,10,41705.1
MV,NMVC54580,Feliform,Hyaenidae,Hyaena.hyaena,Tahlia,Natural,Lower,Left,Tear,Carrion.bone,Laser.design,Y,Y,Tip.repaired,20.964,14.324,14.816,20.749,14.418,15.152,14.785,21.343,1.329255464,44.59651376,98.1545511,9.907297871,9.98,41705.1
MV,NMVC54580,Feliform,Hyaenidae,Hyaena.hyaena,Tahlia,Natural,Upper,Left,Tear,Carrion.bone,Laser.design,Y,Y,Tip.repaired,21.165,12.232,15.652,20.768,15.03,16.207,15.618,20.621,1.314309722,43.58114958,93.4211277,9.665460553,9.18,41705.1
Smithsonian,NMNH162130,Feliform,Herpestidae,Ichneumia.albicauda,Tahlia,Cast,Lower,Left,Invert.feeder,Invert.terrestrial,Laser.design,Y,Y,,19.488,15.618,17.578,21.221,17.115,15.825,16.47,7.503,0.875234946,15.39496208,10.638772,3.261713047,3.05,3500
Smithsonian,NMNH162130,Feliform,Herpestidae,Ichneumia.albicauda,Tahlia,Cast,Upper,Right,Invert.feeder,Invert.terrestrial,Laser.design,Y,Y,,16.856,13.653,20.206,20.823,15.416,15.416,15.416,8.067,0.906712057,15.87607985,8.86157834,2.976840328,2.77,3500
Smithsonian,NMNH381467,Feliform,Herpestidae,Ichneumia.albicauda,Tahlia,Cast,Upper,Left,Invert.feeder,Invert.terrestrial,Laser.design,Y,N,,14.506,13.504,20.823,21.505,15.351,14.732,15.041,7.468,0.873204309,14.64606182,7.43798636,2.727267196,2.6,3500
DOUG,DOUG40178,Feliform,Felidae,Leopardus.pardalis,Douglass,Natural,Upper,Right,Nape.throat,Meat,Artec,Y,N,,19.284,12.089,14.476,17.042,12.506,13.913,13.21,15.139,1.180097189,29.35159531,33.316808,5.772071379,5.63,11900.1
NMNH,NMNH171237,Feliform,Felidae,Leopardus.pardalis,Tahlia,Cast,Upper,Left,Nape.throat,Meat,Laser.design,Y,N,,19.8,11.782,14.938,16.938,15.514,13.731,14.623,14.708,1.167553621,29.52513113,37.1894831,6.098318055,5.89,11900.1
NMNH,NMNH361044,Feliform,Felidae,Leopardus.pardalis,Tahlia,Cast,Upper,Right,Nape.throat,Meat,Laser.design,Y,N,,20.421,11.841,16.186,17.018,14.755,13.105,13.93,14.89,1.172894698,29.14172925,32.2649359,5.680223226,5.57,11900.1
NMNH,NMNH406839,Feliform,Felidae,Leopardus.pardalis,Tahlia,Cast,Upper,Left,Nape.throat,Meat,Laser.design,Y,N,,19.26,11.76,14.611,17.224,13.296,12.24,12.768,16.036,1.205096048,31.47332546,40.1406281,6.335663193,6.07,11900.1
NMNH,NMNH021645,Feliform,Felidae,Leptailurus.serval,Tahlia,Cast,Upper,Right,Nape.throat,Meat,Laser.design,Y,N,,19.539,13.907,14.884,16.136,14.908,14.131,14.52,12.901,1.110623375,25.27375948,24.2671313,4.926168014,4.84,12000
Smithsonian,NMNHA01292,Caniform,Mustelidae,Lutra.lutra,Tahlia,Cast,Lower,Left,Invert.feeder,Meat,Laser.design,Y,Y,,18.6,20.719,14.759,23.254,14.901,15.133,15.017,8.177,0.912593998,17.35072003,17.1002026,4.135239122,4.2,8785.133333
Smithsonian,NMNHA01292,Caniform,Mustelidae,Lutra.lutra,Tahlia,Cast,Upper,Right,Invert.feeder,Meat,Laser.design,Y,Y,,20.355,14.747,14.755,21.29,15.887,15.443,15.665,10.335,1.014310481,20.5869723,18.2400843,4.27084117,4.86,8785.133333
MV,NMVC22167,Caniform,Mustelidae,Lutra.lutra,Anastasia,Natural,Upper,Left,Invert.feeder,Meat,Laser.design,Y,N,,20.692,14.297,14.92,20.1,15.74,15.737,15.738,9.959,0.998215732,20.00167527,18.5565129,4.307727115,4.93,8785.133333
AM,AM7526,Caniform,Canidae,Lycaon.pictus,Tahlia,Cast,Lower,Right,Tear,Meat.bone,Laser.design,Y,N,,22.165,16.779,13.037,22.087,15.069,15.543,15.30601702,13.762,1.138681554,28.15423018,34.8652244,5.904678179,5.97,22050.1
AM,AM32974,Feliform,Felidae,Lynx.canadensis,Tahlia,Cast,Lower,Right,Nape.throat,Meat,Laser.design,Y,N,,19.47,14.655,15.543,16.514,16.174,15.458,15.816,11.786,1.071366437,22.71526287,17.6188904,4.1974862,4.12,9373.2
MV,NMVR2337,Feliform,Felidae,Lynx.canadensis,Anastasia,Natural,Lower,Right,Nape.throat,Meat,Laser.design,Y,N,,20.701,13.75,19.394,17.154,13.875,13.521,13.698,14.972,1.175279818,29.85799983,40.4571108,6.360590444,6.28,9373.2
AM,AM38584,Feliform,Felidae,Lynx.rufus,Tahlia,Cast,Lower,Left,Nape.throat,Meat,Laser.design,Y,Y,,20.426,11.976,17.681,16.234,14.307,13.765,14.036,10.706,1.029627239,21.14594153,17.8384926,4.223563969,4.43,8904.1
AM,AM38584,Feliform,Felidae,Lynx.rufus,Tahlia,Cast,Upper,Left,Nape.throat,Meat,Laser.design,Y,Y,,20.569,12.253,14.045,16.535,14.196,13.517,13.857,12.735,1.104998949,24.73095756,23.011377,4.797017511,4.84,8904.1
Monash,MZRC954,Feliform,Felidae,Lynx.rufus,Anastasia,Natural,Lower,Right,Nape.throat,Meat,Laser.design,Y,N,,20.61,13.661,16.412,17.089,14.57,13.504,14.037,11.74,1.069668097,23.3182377,22.8088284,4.775858918,4.76,8904.1
Monash,MZRC954,Feliform,Felidae,Lynx.rufus,Anastasia,Natural,Upper,Left,Nape.throat,Meat,Laser.design,N,N,Removed.from.sharpness.posterior.edge.is.repared.(not.satisfactorally),15.32097658,16.634,21.426,16.29,14.065,13.418,13.742,13.846,1.141324327,0,0,0,0,8904.1
MV,NMVC11228,Feliform,Felidae,Lynx.rufus,Tahlia,Natural,Lower,Left,Nape.throat,Meat,Laser.design,Y,Y,,21.082,12.774,20.575,16.365,14.722,14.514,14.618,9.88,0.994756945,20.1945072,19.9186228,4.463028434,4.59,8904.1
MV,NMVC11228,Feliform,Felidae,Lynx.rufus,Tahlia,Natural,Upper,Left,Nape.throat,Meat,Laser.design,Y,Y,,18.908,13.166,14.588,16.235,14.626,13.795,14.21,14.847,1.171638709,28.97615222,34.4830628,5.872228095,6.26,8904.1
MV,NMCV32245,Caniform,Mustelidae,Martes.americana,Anastasia,Natural,Lower,Left,Head.bite,Meat,Laser.design,Y,Y,,20.469,18.165,14.549,19.543,16.266,15.555,15.911,5.958,0.775100499,12.06053354,6.27971781,2.505936514,2.47,1250
MV,NMVC32245,Caniform,Mustelidae,Martes.americana,Anastasia,Natural,Upper,Left,Head.bite,Meat,Laser.design,Y,Y,,20.057,15.409,15.388,18.958,17.232,17.421,17.327,7.185,0.856426772,13.83034787,6.45536723,2.540741472,2.73,1250
Smithsonian,NMNH242868,Caniform,Mustelidae,Martes.pennanti,Tahlia,Cast,Lower,Right,Head.bite,Meat,Laser.design,Y,Y,,18.394,17.122,16.407,21.286,14.925,15.745,15.335,9.268,0.966986025,18.8027696,15.785292,3.973070853,3.85,4000
Smithsonian,NMNH242868,Caniform,Mustelidae,Martes.pennanti,Tahlia,Cast,Upper,Right,Head.bite,Meat,Laser.design,Y,Y,,20.094,14.5,17.249,23.866,15.877,15.115,15.496,11.074,1.044304519,21.6714424,16.8299601,4.102433436,3.99,4000
Smithsonian,NMNH242887,Caniform,Mustelidae,Martes.pennanti,Tahlia,Cast,Upper,Right,Head.bite,Meat,Laser.design,Y,N,,19.378,16.231,16.231,22.675,15.152,14.95,15.051,11.293,1.052809328,21.7548423,16.3271278,4.040684076,3.92,4000
AMNH,AMNH84356,Caniform,Mustelidae,Meles.meles,Tahlia,Cast,Upper,Left,Rarely,Generalist,Laser.design,Y,N,,15.597,13.9,23.245,23.089,17.923,15.089,16.506,8.258,0.916874879,17.05872654,13.2520059,3.640330466,3.39,13000
Smithsonian,NMNH171964,Caniform,Mustelidae,Meles.meles,Tahlia,Cast,Lower,Left,Rarely,Generalist,Laser.design,Y,Y,,14.23,16.482,24.984,24.367,16.04,15.058,15.549,6.296,0.799064719,14.29718461,13.2495263,3.639989876,3.26,13000
Smithsonian,NMNH171964,Caniform,Mustelidae,Meles.meles,Tahlia,Cast,Upper,Left,Rarely,Generalist,Laser.design,Y,Y,,16.54,14.126,21.562,22.305,17.554,14.808,16.181,8.688,0.938919812,17.97348795,14.3556282,3.788882183,3.35,13000
AMNH,AMNH69499,Caniform,Mustelidae,Mellivora.capensis,Tahlia,Cast,Upper,Left,Invert.feeder,Generalist,Laser.design,Y,N,,22.352,15.533,16.282,22.318,16.903,16.802,16.853,11.371,1.05579866,24.03417064,32.0387911,5.660281892,5.84,8500
AMNH,AMNH69499,Caniform,Mustelidae,Mellivora.capensis,Tahlia,Cast,Upper,Right,Invert.feeder,Generalist,Laser.design,Y,N,,22.912,15.603,16.238,23.503,17.564,15.833,16.699,11.534,1.061979947,24.49126489,31.9282276,5.650506845,5.6,8500
AMNH,AMNH83450,Caniform,Mustelidae,Mellivora.capensis,Tahlia,Cast,Upper,Right,Invert.feeder,Generalist,Laser.design,Y,N,,25.43,16.548,23.708,22.737,17.377,15.878,16.628,9.82,0.992111488,20.4908345,21.153709,4.599316145,4.49,8500
Monash,MZRC981,Caniform,Mephitidae,Mephitis.mephitis,Anastasia,Natural,Lower,Right,Head.bite,Generalist,Laser.design,Y,Y,,19.346,21.039,23.56,22.085,16.546,15.512,16.029,5.532,0.742882171,11.14179494,5.62754698,2.372245135,2.26,2085
Monash,MZRC981,Caniform,Mephitidae,Mephitis.mephitis,Anastasia,Natural,Upper,Left,Head.bite,Generalist,Laser.design,Y,Y,,18.724,16.309,21.997,22.111,16.209,15.272,15.741,6.914,0.839729375,13.39659002,6.18164183,2.486290777,2.5,2085
MV,NMVC11227,Caniform,Mephitidae,Mephitis.mephitis,Anastasia,Natural,Lower,Right,Head.bite,Generalist,Laser.design,Y,N,,18.474,18.298,22.343,19.143,16.977,16.785,16.881,3.716,0.570075705,8.168568901,3.89135675,1.972652212,1.92,2085
MV,NMVR1555,Feliform,Herpestidae,Mungos.mungo,Anastasia,Natural,Upper,Right,Invert.feeder,Invert.terrestrial,Laser.design,Y,N,,19.761,15.354,21.675,20.865,15.373,15.605,15.489,5.478,0.738622028,11.06861088,4.96953011,2.229244291,2.14,1925
MV,NMVR1912,Feliform,Herpestidae,Mungos.mungo,Anastasia,Natural,Lower,Left,Invert.feeder,Invert.terrestrial,Laser.design,Y,N,,19.656,15.903,22.083,19.865,15.703,15.441,15.572,4.466,0.649918719,9.30156141,4.0479925,2.011962351,2.01,1925
MV,NMVR1912,Feliform,Herpestidae,Mungos.mungo,Anastasia,Natural,Lower,Right,Invert.feeder,Invert.terrestrial,Laser.design,Y,N,,19.396,17.497,22.239,21.93,16.24,16.564,16.402,4.349,0.638389408,9.214845674,4.14449906,2.035804278,1.99,1925
MV,NMVR1914,Feliform,Herpestidae,Mungos.mungo,Anastasia,Natural,Lower,Left,Invert.feeder,Invert.terrestrial,Laser.design,Y,N,,19.904,17.979,22.037,17.436,17.436,15.19,16.313,4.707,0.672744198,9.755921537,4.41020193,2.100048078,2.08,1925
MV,NMVC11225,Caniform,Mustelidae,Mustela.frenata,Anastasia,Natural,Upper,Left,Nape.throat,Meat,Laser.design,N,N,,18.947,18.615,22.515,21.112,17.612,17.602,17.607,3.893,0.590284404,0,0,0,0,147
MV,NMVC11225,Caniform,Mustelidae,Mustela.frenata,Anastasia,Natural,Upper,Right,Nape.throat,Meat,Laser.design,Y,N,,19.888,18.66,24.152,22.641,16.328,16.268,16.298,3.719,0.570426178,7.381586326,2.06156495,1.435815082,1.59,147
MV,NMVC22360,Caniform,Mustelidae,Mustela.putorius,Anastasia,Natural,Lower,Left,Head.bite,Meat,Laser.design,Y,N,,21.423,20.172,18.183,20.448,15.305,16.698,16.001,3.285,0.516535374,7.102340597,2.8949461,1.701454113,1.86,915.4
MV,NMVC32788,Caniform,Mustelidae,Mustela.putorius,Anastasia,Natural,Lower,Left,Head.bite,Meat,Laser.design,Y,N,,21.51,21.685,18.962,21.148,15.319,16.597,15.958,4.357,0.63918756,8.920476971,4.02686334,2.006704597,2.22,915.4
AMNH,AMNH22916,Feliform,Felidae,Neofelis.nebulosa,Tahlia,Cast,Upper,Right,Nape.throat,Meat,Laser.design,Y,N,,19.729,12.356,17.08,16.877,11.881,12.411,12.146,31.207,1.494252021,56.8378039,66.2291305,8.138128194,7.93,10740.75
AM,AM43412,Caniform,Canidae,Nyctereutes.procyonoides,Tahlia,Cast,Lower,Right,Unknown,Unknown,Laser.design,Y,N,,19.906,17.866,16.773,21.454,16.773,18.14,17.45669013,6.434,0.808481057,13.36569534,8.90336938,2.983851434,2.78,4040
AM,AM42709,Feliform,Felidae,Panthera.leo,Tahlia,Cast,Lower,Left,Nape.throat,Meat.bone,Laser.design,Y,N,,18.873,11.1,15.874,19.724,14.058,13.075,13.56653012,26.506,1.423344194,54.16568192,140.054729,11.83447206,11.91,161499.1
AM,AM42709,Feliform,Felidae,Panthera.leo,Tahlia,Cast,Lower,Right,Nape.throat,Meat.bone,Laser.design,Y,N,,19.425,12.579,14.707,19.486,13.737,12.878,13.30738011,25.973,1.414522116,53.07856204,135.433781,11.63760203,12.01,161499.1
NMNH,NMNH181567,Feliform,Felidae,Panthera.leo,Tahlia,Cast,Upper,Right,Nape.throat,Meat.bone,Laser.design,Y,N,,20.204,11.808,22.158,19.063,13.892,13.206,13.549,45.206,1.655196081,88.22223185,294.687937,17.16647713,16.08,161499.1
NMNH,NMNH181570,Feliform,Felidae,Panthera.leo,Tahlia,Cast,Upper,Left,Nape.throat,Meat.bone,Laser.design,Y,N,,20.178,10.999,20.001,17.635,14.075,13.335,13.705,44.647,1.649792282,88.03052864,307.321336,17.53058288,16.94,161499.1
AMNH,AMNH75462,Feliform,Felidae,Panthera.onca,Tahlia,Cast,Upper,Right,Nape.throat,Meat.bone,Laser.design,Y,N,,20.255,12.98,18.717,19.721,16.028,15.272,15.65,26.111,1.416823505,54.7652286,154.087108,12.41318283,12.67,100000
MV,NMVR2541,Feliform,Felidae,Panthera.onca,Anastasia,Natural,Lower,Right,Nape.throat,Meat.bone,Laser.design,Y,N,,20.03,17.028,15.476,18.555,13.957,13.718,13.83735966,18.182,1.259641653,36.28759094,58.0494767,7.619020718,7.63,100000
MV,NMVR2541,Feliform,Felidae,Panthera.onca,Anastasia,Natural,Upper,Right,Nape.throat,Meat.bone,Laser.design,Y,N,,22.114,12.399,18.264,19.264,14.224,13.12,13.672,26.1,1.416640507,49.80683949,87.0137741,9.328117393,9.32,100000
Monash,MZRC957,Feliform,Felidae,Panthera.pardus,Tahlia,Natural,Lower,Left,Nape.throat,Meat.bone,Laser.design,Y,Y,Light.tip.repair,18.78,15.127,21.54,18.707,14.768,13.806,14.28691496,19.475,1.289477466,39.39473332,69.8182055,8.355728903,8.57,52038.23333
Monash,MZRC957,Feliform,Felidae,Panthera.pardus,Tahlia,Natural,Upper,Right,Nape.throat,Meat.bone,Laser.design,Y,Y,Light.tip.repair.posterior.edge.a.little.worn,18.809,14.637,17.268,17.08,13.936,12.852,13.394,28.545,1.455530047,54.85280734,111.157866,10.54314308,10.31,52038.23333
NMNH,NMNH163093,Feliform,Felidae,Panthera.pardus,Tahlia,Cast,Upper,Right,Nape.throat,Meat.bone,Laser.design,Y,N,,20.929,10.955,19.471,18.121,14.119,13.169,13.644,22.745,1.356885941,44.81756834,79.2017433,8.899536128,8.63,52038.23333
NMNH,NMNH173337,Feliform,Felidae,Panthera.pardus,Tahlia,Cast,Upper,Left,Nape.throat,Meat.bone,Laser.design,Y,N,,22.757,12.444,17.312,17.988,13.995,13.727,13.861,26.821,1.428474966,52.93953298,117.23114,10.827333,10.46,52038.23333
NMNH,NMNH586522,Feliform,Felidae,Panthera.pardus,Tahlia,Cast,Upper,Right,Nape.throat,Meat.bone,Laser.design,Y,N,,21.483,11.598,17.674,17.827,14.195,13.027,13.611,23.852,1.377524801,46.37302738,80.5333672,8.974038511,9.09,52038.23333
MV,NMVC36818,Feliform,Felidae,Panthera.pardus,Anastasia,Natural,Lower,Right,Nape.throat,Meat.bone,Laser.design,Y,N,,20.046,11.855,18.045,19.088,14.445,12.912,13.67820292,16.712,1.223028427,33.6607694,49.5547746,7.039515225,7.2,52038.23333
AM,AM45664,Feliform,Felidae,Panthera.tigris,Tahlia,Cast,Lower,Left,Nape.throat,Meat.bone,Laser.design,Y,N,Removed.from.sharpness.edges.bit.too.worn,19.27,15.777,20.796,20.901,14.974,12.998,13.98626532,30.461,1.483744157,62.23449465,183.263653,13.53749065,14.04,162564
AM,AM45664,Feliform,Felidae,Panthera.tigris,Tahlia,Cast,Lower,Right,Nape.throat,Meat.bone,Laser.design,Y,N,Removed.from.sharpness.edges.bit.too.worn,20.036,15.721,21.123,19.862,14.453,12.87,13.66123923,31.518,1.498558651,64.16064863,193.178086,13.89885197,14.34,162564
AM,AM45664,Feliform,Felidae,Panthera.tigris,Tahlia,Cast,Upper,Right,Nape.throat,Meat.bone,Laser.design,N,N,Removed.from.sharpness.edges.bit.too.worn,19.437,15.779,21.02,19.997,13.6,12.171,12.885,45.514,1.658145005,0,,0,,162564
Monash,MZRC2424,Feliform,Felidae,Panthera.tigris,Tahlia,Cast,Lower,Right,Nape.throat,Meat.bone,Artec,Y,N,,19.592,11.33,18.958,19.143,14.384,12.417,13.40039888,22.704,1.356102378,47.75097962,120.807922,10.99126571,11.41,162564
Monash,MZRC2424,Feliform,Felidae,Panthera.tigris,Tahlia,Cast,Upper,Right,Nape.throat,Meat.bone,Artec,N,N,Too.sharp,19.696,10.613,17.834,16.984,11.994,11.36,11.677,36.278,1.559643336,0,0,0,0,162564
NMNH,NMNH253289,Feliform,Felidae,Panthera.tigris,Tahlia,Cast,Upper,Right,Nape.throat,Meat.bone,Laser.design,Y,N,,19.732,11.082,18.053,19.124,14.359,13.027,13.693,38.114,1.58108453,74.83431908,208.275194,14.43174258,13.84,162564
NMNH,NMNH253293,Feliform,Felidae,Panthera.tigris,Tahlia,Cast,Upper,Right,Nape.throat,Meat.bone,Laser.design,Y,N,,19.621,11.367,18.597,19.066,14.461,12.637,13.549,40.556,1.608055114,78.90967374,225.687493,15.02289895,14.35,162564
MV,NMVC29874,Feliform,Felidae,Panthera.tigris,Tahlia,Natural,Lower,Right,Nape.throat,Meat.bone,Laser.design,N,N,"Removed.from.sharpness.edges.bit.too.worn,.tip.recon",20.309,15.792,15.405,18.868,16.253,15.628,15.94069711,26.247,1.419079671,0,0,0,0,162564
MV,NMVC29874,Feliform,Felidae,Panthera.tigris,Tahlia,Natural,Upper,Left,Nape.throat,Meat.bone,Laser.design,N,N,Removed.from.sharpness.edges.bit.too.worn,19.648,15.419,20.244,19.973,14.721,13.876,14.298,44.618,1.649510099,0,0,0,0,162564
AMNH,AMNH35529,Feliform,Felidae,Panthera.uncia,Tahlia,Cast,Upper,Right,Nape.throat,Meat.bone,Laser.design,Y,N,,20.932,12.763,18.877,18.341,12.887,12.75,12.818,24.891,1.396042345,47.92179252,80.0794114,8.948710041,8.98,44167
Smithsonian,NMNH123979,Feliform,Viverridae,Paradoxurus.hermaphroditus,Tahlia,Cast,Upper,Right,Unknown,Unknown,Laser.design,Y,N,,18.508,10.89,21.188,18.532,14.959,15.828,15.393,9.077,0.957942335,17.92201727,11.600812,3.405996477,3.03,3113.35
Smithsonian,NMNH258332,Feliform,Viverridae,Paradoxurus.hermaphroditus,Tahlia,Cast,Lower,Left,Unknown,Unknown,Laser.design,Y,Y,,20.017,13.155,13.554,18.945,14.319,14.461,14.39,7.804,0.892317261,16.16659631,12.4116033,3.523010545,3.21,3113.35
Smithsonian,NMNH258332,Feliform,Viverridae,Paradoxurus.hermaphroditus,Tahlia,Cast,Upper,Left,Unknown,Unknown,Laser.design,Y,Y,,21.321,12.1,19.214,17.165,15.261,14.49,14.875,9.132,0.960565903,18.46130413,13.6370533,3.692838109,3.49,3113.35
MV,NMVC54586,Feliform,Viverridae,Paradoxurus.hermaphroditus,Anastasia,Natural,Upper,Right,Unknown,Unknown,Laser.design,Y,N,,20.006,13.403,21.303,20.568,14.817,14.254,14.535,7.916,0.898505786,15.77353618,9.65345011,3.107000179,3,3113.35
MV,NMVR2751,Feliform,Viverridae,Paradoxurus.hermaphroditus,Anastasia,Natural,Lower,Right,Unknown,Unknown,Laser.design,Y,N,,19.724,15.108,19.658,18.081,15.489,15.049,15.269,7.734,0.888404168,15.84013385,11.5705769,3.401555071,2.91,3113.35
AM,AM38590,Feliform,Felidae,Pardofelis.marmorata,Tahlia,Cast,Lower,Left,Nape.throat,Meat,Laser.design,Y,Y,,18.945,14.619,19.111,16.515,13.751,13.798,13.775,8.886,0.948706309,18.15297225,15.9384238,3.992295555,3.97,2854.25
AM,AM38590,Feliform,Felidae,Pardofelis.marmorata,Tahlia,Cast,Upper,Right,Nape.throat,Meat,Laser.design,Y,Y,,20.953,13.442,16.198,17.277,14.516,14.739,14.627,10.359,1.015317833,20.63288018,17.493012,4.182464824,4.15,2854.25
NMNH,NMNH325000,Feliform,Felidae,Pardofelis.marmorata,Tahlia,Cast,Upper,Left,Nape.throat,Meat,Laser.design,Y,N,,20.514,12.754,14.217,19.945,14.496,13.997,14.246,9.94,0.997386384,19.58360327,14.5330561,3.812224561,3.74,2854.25
Smithsonian,NMNH281518,Caniform,Procyonidae,Procyon.cancrivorous,Tahlia,Cast,Upper,Left,Unknown,Invert.aquatic,Laser.design,Y,N,,12.813,12.913,20.217,20.653,13.276,15.444,14.36,11.966,1.077948999,23.96121839,26.3605533,5.134252945,5.31,6949.9
Smithsonian,NMNH443521,Caniform,Procyonidae,Procyon.cancrivorous,Tahlia,Cast,Lower,Right,Unknown,Invert.aquatic,Laser.design,Y,Y,,22.948,13.357,15.877,18.572,16.791,15.152,15.972,10.488,1.020692679,22.54418278,28.7255651,5.359623597,5.64,6949.9
Smithsonian,NMNH443521,Caniform,Procyonidae,Procyon.cancrivorous,Tahlia,Cast,Upper,Left,Unknown,Invert.aquatic,Laser.design,Y,Y,,18.388,12.533,20.742,21.858,14.01,14.12,14.065,9.986,0.999391562,20.80552769,23.3409939,4.831251794,5.01,6949.9
AM,AM8330,Caniform,Procyonidae,Procyon.lotor,Tahlia,Cast,Upper,Right,Unknown,Generalist,Laser.design,Y,N,,13.354,12.688,21.636,20.616,15.191,13.155,14.173,10.069,1.002986341,20.0249437,16.2001566,4.024941813,3.99,5525
Monash,MZRC4337,Caniform,Procyonidae,Procyon.lotor,Anastasia,Natural,Lower,Left,Unknown,Generalist,Laser.design,Y,Y,,20.782,14.936,17.944,22.921,17.593,15.343,16.468,7.641,0.8831502,15.90093113,15.1270842,3.889355242,3.93,5525
Monash,MZRC4337,Caniform,Procyonidae,Procyon.lotor,Anastasia,Natural,Upper,Left,Unknown,Generalist,Laser.design,Y,Y,,14.801,12.929,22.24,20.599,15.443,15.117,15.28,9.762,0.989538803,19.26885471,12.1704529,3.48861762,3.31,5525
Smithsonian,NMNH265610,Caniform,Procyonidae,Procyon.lotor,Tahlia,Cast,Upper,Left,Unknown,Generalist,Laser.design,Y,N,,12.679,11.772,20.683,21.303,14.821,13.859,14.34,10.157,1.006765452,19.94131587,15.0938256,3.885077297,3.87,5525
Smithsonian,NMNH266111,Caniform,Procyonidae,Procyon.lotor,Tahlia,Cast,Lower,Right,Unknown,Generalist,Laser.design,Y,Y,Bit.worn,21.61,12.981,14.757,22.291,12.795,14.859,13.827,8.534,0.931152639,17.24029746,13.7591857,3.709337636,3.56,5525
Smithsonian,NMNH266111,Caniform,Procyonidae,Procyon.lotor,Tahlia,Cast,Upper,Right,Unknown,Generalist,Laser.design,Y,Y,,16.905,12.205,20.82,20.39,14.427,15.485,14.956,10.611,1.025756315,21.07806703,17.7552941,4.213703134,4.18,5525
NMNH,NMNH250168,Feliform,Felidae,Puma.concolor,Tahlia,Cast,Upper,Left,Nape.throat,Meat.bone,Laser.design,Y,N,,20.041,13.868,15.352,19.896,14.198,13.557,13.877,23.768,1.375992639,48.27660669,109.165185,10.44821444,10.79,51600
NMNH,NMNH251081,Feliform,Felidae,Puma.concolor,Tahlia,Cast,Upper,Left,Nape.throat,Meat.bone,Laser.design,Y,N,,20.335,13.671,14.996,22.225,12.875,12.889,12.882,23.453,1.370198404,47.32770342,106.111464,10.30104189,10.51,51600
NMNH,NMNH251418,Feliform,Felidae,Puma.concolor,Tahlia,Cast,Upper,Left,Nape.throat,Meat.bone,Laser.design,Y,N,,20.53,12.871,14.984,21.775,15.013,14.483,14.748,20.968,1.321557008,42.44474504,82.4519261,9.080304296,9.37,51600
MV,NMVC26044,Feliform,Felidae,Puma.concolor,Tahlia,Natural,Lower,Right,Nape.throat,Meat.bone,Laser.design,N,N,Repaired.edge,20.564,18.722,16.991,20.054,14.268,13.728,13.99793839,15.825,1.199343719,0,0,0,0,51600
MV,NMVC26044,Feliform,Felidae,Puma.concolor,Tahlia,Natural,Upper,Right,Nape.throat,Meat.bone,Laser.design,N,N,,19.829,19.399,15.782,21.053,14.784,13.744,14.264,18.621,1.270003,0,0,0,0,51600
AM,AMP698,Marsupial,Dasyuridae,Sarcophilus.harrisii,Tahlia,Cast,Lower,Left,Anterior,Carrion.bone,Laser.design,Y,N,,21.831,15.76,18.362,19.31,14.979,15.673,15.326,12.564,1.099127928,26.78110192,39.0153847,6.246229639,6.62,10000
AM,AMP700,Marsupial,Dasyuridae,Sarcophilus.harrisii,Tahlia,Cast,Upper,Right,Anterior,Carrion.bone,Laser.design,Y,N,,18.529,13.451,17.447,19.551,13.323,13.94,13.631,13.5,1.130333768,28.04040174,41.2942667,6.426061523,7.15,10000
AM,AMS1225,Marsupial,Dasyuridae,Sarcophilus.harrisii,Tahlia,Cast,Upper,Right,Anterior,Carrion.bone,Laser.design,Y,N,,19.762,16.883,16.081,19.658,14.999,15.791,15.395,13.565,1.132419798,28.17196211,41.7419194,6.460798666,7.43,10000
MV,NMVC6232,Marsupial,Dasyuridae,Sarcophilus.harrisii,Tahlia,Natural,Lower,Right,Anterior,Carrion.bone,Laser.design,Y,Y,Repaired.tip,21.186,18.391,18.594,19.497,13.588,15.01,14.299,12.929,1.111564935,27.63037562,42.5237807,6.521026047,7.02,10000
MV,NMVC6232,Marsupial,Dasyuridae,Sarcophilus.harrisii,Tahlia,Natural,Upper,Right,Anterior,Carrion.bone,Laser.design,Y,Y,Worn.tip,18.804,17.446,19.048,17.505,16.54,16.805,16.673,12.846,1.108767918,27.40293851,41.6729638,6.455459999,6.65,10000
MV,NMVC6246,Marsupial,Dasyuridae,Sarcophilus.harrisii,Tahlia,Natural,Lower,Right,Anterior,Carrion.bone,Laser.design,Y,Y,Repaired.tip,22.647,15.56,20.063,20.053,14.203,14.911,14.557,12.744,1.105305763,27.06795316,39.7459326,6.304437532,6.78,10000
MV,NMVC6246,Marsupial,Dasyuridae,Sarcophilus.harrisii,Tahlia,Natural,Upper,Right,Anterior,Carrion.bone,Laser.design,Y,Y,Repaired.tip,18.597,14.381,20.357,17.236,14.588,14.102,14.345,13.297,1.123753669,27.48695729,38.3799385,6.195154437,6.63,10000
MV,NMVR2454,Feliform,Herpestidae,Suricata.suricatta,Anastasia,Natural,Lower,Right,Invert.feeder,Invert.terrestrial,Laser.design,Y,N,,19.762,14.847,20.4,18.101,15.212,15.381,15.296,5.209,0.716754357,10.69821136,5.28338524,2.298561559,2.37,725.5
MV,NMVR2454,Feliform,Herpestidae,Suricata.suricatta,Anastasia,Natural,Upper,Left,Invert.feeder,Invert.terrestrial,Laser.design,Y,N,,18.736,15.553,21.811,19.868,14.361,15.135,14.748,5.293,0.723701894,10.53439753,4.44991292,2.109481671,2.01,725.5
Smithsonian,NMNH081896,Caniform,Mustelidae,Taxidea.taxus,Tahlia,Cast,Upper,Left,Anterior,Meat,Laser.design,Y,N,,19.92,15.817,20.872,21.836,12.93,13.884,13.407,9.868,0.994229141,20.17471734,20.2175791,4.496396235,4.36,7107.6
Smithsonian,NMNH525882,Caniform,Mustelidae,Taxidea.taxus,Tahlia,Cast,Lower,Right,Anterior,Meat,Laser.design,Y,Y,,19.061,20.909,20.661,15.69,14.664,14.303,14.484,10.161,1.006936451,20.15870302,17.8851689,4.22908606,4.25,7107.6
Smithsonian,NMNH525882,Caniform,Mustelidae,Taxidea.taxus,Tahlia,Cast,Upper,Left,Anterior,Meat,Laser.design,Y,Y,,15.764,16.802,21.015,21.737,14.048,14.178,14.113,9.741,0.988603543,19.54122329,17.5489642,4.189148386,4.19,7107.6
MV,NMVC2163,Marsupial,Thylacinidae,Thylacinus.cynocephalus,Anastasia,Natural,Upper,Left,Unknown,Unknown,Laser.design,Y,N,,18.551,18.792,21.542,22.017,17.55,17.037,17.294,16.876,1.227269517,34.07393226,51.5864379,7.182369936,6.99,30000
MV,NMVC5747,Marsupial,Thylacinidae,Thylacinus.cynocephalus,Anastasia,Natural,Lower,Right,Unknown,Unknown,Laser.design,Y,Y,,19.584,17.404,22.017,20.976,13.78,14.862,14.321,12.534,1.09808969,26.58222468,38.1372785,6.175538721,6.03,30000
MV,NMVC5747,Marsupial,Thylacinidae,Thylacinus.cynocephalus,Anastasia,Natural,Upper,Left,Unknown,Unknown,Laser.design,Y,Y,Worn.tip,17.545,19.278,21.899,22.187,17.068,15.62,16.344,18.434,1.265619583,36.77306634,58.5381092,7.651020141,7.39,30000
MV,NMVC5748,Marsupial,Thylacinidae,Thylacinus.cynocephalus,Anastasia,Natural,Lower,Left,Unknown,Unknown,Laser.design,Y,N,,19.246,18.701,23.864,22.232,15.981,17.095,16.538,12.106,1.08300067,24.77295921,27.4836406,5.242484201,5.23,30000
NMNH,NMNH209906,Caniform,Ursidae,Ursus.americanus,Tahlia,Cast,Lower,Right,Anterior,Generalist,Laser.design,Y,Y,,21.828,15.008,16.964,21.654,15.383,15.203,15.293,20.049,1.302092716,41.58287817,89.2734699,9.448463891,9.83,99949.4
NMNH,NMNH209906,Caniform,Ursidae,Ursus.americanus,Tahlia,Cast,Upper,Left,Anterior,Generalist,Laser.design,Y,Y,,18.599,13.579,18.61,22.078,16.157,15.024,15.591,22.698,1.355987592,45.97958716,99.0589416,9.952835857,9.92,99949.4
TMAG,TMAGA2349,Caniform,Ursidae,Ursus.americanus,Tahlia,Cast,Lower,Left,Anterior,Generalist,Laser.design,Y,Y,,23.784,16.993,13.452,22.245,14.578,13.848,14.213,20.695,1.315865431,43.04271981,100.139541,10.00697462,9.75,99949.4
TMAG,TMAGA2349,Caniform,Ursidae,Ursus.americanus,Tahlia,Cast,Upper,Left,Anterior,Generalist,Laser.design,Y,Y,,19.974,12.057,14.447,22.636,13.664,13.601,13.633,23.319,1.367709922,47.1974832,108.882746,10.43468955,10.25,99949.4
NMNH,NMNH232380,Caniform,Ursidae,Ursus.arctos,Tahlia,Cast,Lower,Left,Anterior,Generalist,Laser.design,Y,N,,20.263,17.974,18.847,22.906,15.667,14.946,15.306,22.677,1.3555856,61.16866255,167.627716,12.94711226,12.8,172720.4
NMNH,NMNH232380,Caniform,Ursidae,Ursus.arctos,Tahlia,Cast,Upper,Right,Anterior,Generalist,Laser.design,Y,N,,21.219,14.293,16.971,24.495,15.706,14.9,15.303,26.729,1.426982711,56.44193532,176.921592,13.30118762,12.99,172720.4
Smithsonian,NMNH232398,Caniform,Ursidae,Ursus.arctos,Tahlia,Cast,Lower,Left,Anterior,Generalist,Laser.design,Y,Y,,21.631,17.373,18.31,22.657,15.296,13.913,14.605,19.842,1.297585445,42.74550093,112.441885,10.6038618,10.55,172720.4
Smithsonian,NMNH232398,Caniform,Ursidae,Ursus.arctos,Tahlia,Cast,Upper,Right,Anterior,Generalist,Laser.design,Y,Y,,20.413,12.134,15.713,22.458,14.129,14.194,14.162,22.29,1.348110068,46.05905134,111.543615,10.56142107,10.46,172720.4
Smithsonian,NMNH233758,Caniform,Ursidae,Ursus.arctos,Tahlia,Cast,Upper,Right,Anterior,Generalist,Laser.design,Y,N,,20.799,14.811,17.932,22.253,15.912,15.493,15.702,24.095,1.381926931,49.81892608,127.169968,11.27696626,11.16,172720.4
Smithsonian,NMNH512120,Caniform,Ursidae,Ursus.maritimus,Tahlia,Cast,Upper,Left,Anterior,Meat.bone,Laser.design,Y,N,,20.284,15.156,16.891,23.271,14.283,14.098,14.19,31.515,1.498517311,64.69478413,224.139066,14.9712747,15.33,388750.35
Smithsonian,NMNH512143,Caniform,Ursidae,Ursus.maritimus,Tahlia,Cast,Lower,Right,Anterior,Meat.bone,Laser.design,Y,N,,21.101,17.808,17.867,22.419,15.598,15.089,15.343,26.599,1.424865309,55.25333179,166.374677,12.89863082,13.38,388750.35
NMNH,NMNH512148,Caniform,Ursidae,Ursus.maritimus,Tahlia,Cast,Lower,Right,Anterior,Meat.bone,Laser.design,Y,Y,,20.365,18.049,16.607,22.478,13.979,13.654,13.817,30.03,1.477555332,61.16866255,192.455172,13.87282134,14.11,388750.35
NMNH,NMNH512148,Caniform,Ursidae,Ursus.maritimus,Tahlia,Cast,Upper,Left,Anterior,Meat.bone,Laser.design,Y,Y,,20.123,14.02,17.162,21.984,14.224,14.094,14.159,33.478,1.524759505,67.74126578,228.221792,15.10701135,15.52,388750.35
Smithsonian,NMNH198706,Feliform,Viverridae,Viverra.tangalunga,Tahlia,Cast,Lower,Left,Shake.toss,Generalist,Laser.design,Y,Y,,21.591,20.923,20.449,25.176,15.706,15.472,15.589,7.554,0.87817698,15.31480555,10.5800735,3.252702492,3.25,8675
Smithsonian,NMNH198706,Feliform,Viverridae,Viverra.tangalunga,Tahlia,Cast,Upper,Left,Shake.toss,Generalist,Laser.design,Y,Y,,20.426,15.866,18.784,22.289,15.456,16.863,16.16,10.314,1.013427127,19.85093553,13.2759253,3.643614318,3.59,8675
Smithsonian,NMNH573587,Feliform,Viverridae,Viverra.tangalunga,Tahlia,Cast,Upper,Left,Shake.toss,Generalist,Laser.design,Y,N,Bit.worn.edge,19.525,11.826,15.883,22.379,14.347,15.018,14.683,8.792,0.944087679,17.22369356,11.1573082,3.340255709,3.32,8675
MV,NMVC1845,Feliform,Viverridae,Viverra.zibetha,Anastasia,Natural,Upper,Right,Shake.toss,Generalist,Laser.design,Y,N,,18.816,11.869,21.76,25.509,14.57,14.924,14.747,6.966,0.84298347,13.24337631,5.40239958,2.324306258,2.21,9500
AMNH,AMNH57055,Feliform,Viverridae,Viverra.zibetha,Tahlia,Cast,Lower,Left,Shake.toss,Generalist,Laser.design,Y,Y,,20.506,14.335,18.513,24.593,15.674,14.684,15.179,8.607,0.934851803,17.69233172,13.9429092,3.734020514,3.49,9500
AMNH,AMNH57055,Feliform,Viverridae,Viverra.zibetha,Tahlia,Cast,Upper,Left,Shake.toss,Generalist,Laser.design,Y,Y,,20.151,13.296,18.962,26.733,15.049,14.69,14.87,11.17,1.048053173,21.7346773,15.7042008,3.962852609,3.68,9500
AMNH,AMNH84410,Feliform,Viverridae,Viverra.zibetha,Tahlia,Cast,Upper,Right,Shake.toss,Generalist,Laser.design,Y,N,,18.877,11.162,17.235,21.7,14.818,14.189,14.504,11.702,1.068260094,22.88981276,18.2732105,4.274717593,4.03,9500
AM,AMS1523,Caniform,Canidae,Vulpes.lagopus,Tahlia,Cast,Lower,Left,Shake.toss,Meat,Laser.design,Y,N,,22.772,14.366,15.549,22.037,15.632,16.362,15.997,7.928,0.899163641,15.94524861,9.94500239,3.153569785,3.4,4867.65
MV,NMVC22619,Caniform,Canidae,Vulpes.vulpes,Anastasia,Natural,Lower,Right,Shake.toss,Meat,Laser.design,Y,N,,21.691,13.343,14.456,21.537,14.641,14.427,14.534,10.467,1.019822224,20.51866926,14.911878,3.861590087,3.95,5603.75
MV,NMVC25074,Caniform,Canidae,Vulpes.vulpes,Anastasia,Natural,Upper,Right,Shake.toss,Meat,Laser.design,Y,N,,20.949,13.507,15.942,22.783,15.672,14.358,15.015,16.056,1.205637359,30.08899027,24.9567044,4.995668564,4.57,5603.75
MV,NMVC25075,Caniform,Canidae,Vulpes.vulpes,Anastasia,Natural,Lower,Left,Shake.toss,Meat,Laser.design,Y,Y,,21.184,15.523,15.756,21.471,15.156,14.71,14.933,11.446,1.058653742,22.19202397,17.6906817,4.206029208,4.45,5603.75
MV,NMVC25075,Caniform,Canidae,Vulpes.vulpes,Anastasia,Natural,Upper,Left,Shake.toss,Meat,Laser.design,Y,Y,,20.179,15.779,17.47,21.243,14.699,13.758,14.228,14.985,1.175656747,27.98099419,21.7103757,4.659439419,4.45,5603.75
MV,NMVC25078,Caniform,Canidae,Vulpes.vulpes,Anastasia,Natural,Lower,Left,Shake.toss,Meat,Laser.design,Y,Y,,21.645,15.631,16.255,21.106,15.961,14.771,15.366,10.964,1.039969027,21.40745291,15.9063231,3.988273198,4,5603.75
MV,NMVC25078,Caniform,Canidae,Vulpes.vulpes,Anastasia,Natural,Upper,Left,Shake.toss,Meat,Laser.design,Y,Y,,18.413,15.163,16.074,23.988,15.6,14.082,14.841,16.357,1.213703654,30.49446081,23.4277239,4.840219406,4.46,5603.75